seq,GC,max_run,Btop_dot,Bbelow_dot,Atop_dot,Abelow_dot,Emean,penalty,sim_score1,sim_score2,Score,a1,a2,A1,A2,b1,b2,B1,B2,a1m,a2m,A1m,A2m,b1m,b2m,B1m,B2m,i
ACAAACCUGGUUUAUACGUGGGCUCCCUGCUGCAGUGAAGCAAAGCCGUUAGGGCGAUCAGGUGGUAAGACCGUGACUCACUAAACCUGAACAGUAUUUUGGGCUUGAAGUCCGCCGUGAAAAUAAGGGGUGAGUCGGCGAA,0.5140845070422535,4,0.9285714285714286,0.875,0.8,0.6111111111111112,0.11642355483522421,0.0,1.0,1.0,2.361882412338247,90,100,116,125,11,18,49,57,94,100,119,125,15,18,54,57,3
ACAGAACCUGGUUUAUACGUGGGCUCCCUGCUGCAGUGAAGCAAAGCCGUUAGGGCGAUCAGGUGUAAGACCGUGACUCACUAAACCUGAACAGUAUUUUGGGCUUGAAGUCCGCCGUGAAAAUAAGGGGUGAGUCGGCGAA,0.5140845070422535,4,0.9285714285714286,0.875,0.8,0.6111111111111112,0.11642355483522421,0.0,1.0,1.0,2.361882412338247,90,100,116,125,12,19,50,58,94,100,119,125,16,19,55,58,4
ACAACCUGGUUUAUACGUGGGCUCCCUGCUGCAGUGAAGCAAAGCCGUUAGGGCGAUCAGGUAGGUAAGACCGUGACUCACUAAACCUGAACAGUAUUUUGGGCUUGAAGUCCGCCGUGAAAAUAAGGGGUGAGUCGGCGAA,0.5140845070422535,4,0.9285714285714286,0.875,0.8,0.6111111111111112,0.11621621621621621,0.0,1.0,1.0,2.361778743028743,90,100,116,125,10,17,48,56,94,100,119,125,14,17,53,56,2
ACAGGAACCUGGUUUAUACGUGGGCUCCCUGCUGCAGUGAAGCAAAGCCGUUAGGGCGAUCAGGUUAAGACCGUGACUCACUAAACCUGAACAGUAUUUUGGGCUUGAAGUCCGCCGUGAAAAUAAGGGGUGAGUCGGCGAA,0.5140845070422535,4,0.9285714285714286,0.875,0.8,0.6111111111111112,0.11827956989247311,0.0,0.9878048780487805,1.0,2.3591518832815055,90,100,116,125,13,20,51,59,94,100,119,125,17,20,56,59,5
ACAGGUAAACCUGGUUUAUACGUGGGCUCCCUGCUGCAGUGAAGCAAAGCCGUUAGGGCGAUCAGGUAGACCGUGACUCACUAAACCUGAACAGUAUUUUGGGCUUGAAGUCCGCCGUGAAAAUAAGGGGUGAGUCGGCGAA,0.5140845070422535,4,0.9285714285714286,0.875,0.8,0.6111111111111112,0.12092899092365189,0.0,0.8780487804878049,0.8695652173913043,2.2362454167027153,90,100,116,125,15,22,53,61,94,100,119,125,19,22,58,61,7
ACAGGUAACCUGGUUUAUACGUGGGCUCCCUGCUGCAGUGAAGCAAAGCCGUUAGGGCGAUCAGGUAAGACCGUGACUCACUAAACCUGAACAGUAUUUUGGGCUUGAAGUCCGCCGUGAAAAUAAGGGGUGAGUCGGCGAA,0.5140845070422535,4,0.9285714285714286,0.875,0.8,0.6111111111111112,0.11704422869471412,0.0,0.8780487804878049,0.8695652173913043,2.2343030355882463,90,100,116,125,14,21,52,60,94,100,119,125,18,21,57,60,6
ACAGGUAAGACCGUGACUCACUAAACCUGAACAGUAUUUUGGGCUUGAAGUCCGCCGUGAAAAUAAGGGGUGAGUCGGCAACCUGGUUUAUACGUGGGCUCCCUGCUGCAGUGAAGCAAAGCCGUUAGGGCGAUCAGGUGAA,0.5140845070422535,4,0.9285714285714286,0.875,0.8,0.6111111111111112,0.11371055495103373,0.0,0.8780487804878049,0.8695652173913043,2.2326361987164063,30,40,56,65,87,94,125,133,34,40,59,65,91,94,130,133,79
ACAGGUAAGACCGUGACUCACUAAACCAACCUGGUUUAUACGUGGGCUCCCUGCUGCAGUGAAGCAAAGCCGUUAGGGCGAUCAGGUUGAACAGUAUUUUGGGCUUGAAGUCCGCCGUGAAAAUAAGGGGUGAGUCGGCGAA,0.5140845070422535,4,0.9285714285714286,0.8125,0.95,0.7777777777777778,0.11807423345884885,0.0,0.8658536585365854,0.7391304347826086,2.2033968202255276,90,100,116,125,35,42,73,81,94,100,119,125,39,42,78,81,27
ACAGGUAAGACCGUGACUCACUAAACCUGAACAGUAUUUUGGGCUUGAAGUCCGCCGUGAAAAUAAGGGGUGAGUCAACCUGGUUUAUACGUGGGCUCCCUGCUGCAGUGAAGCAAAGCCGUUAGGGCGAUCAGGUGGCGAA,0.5140845070422535,4,0.6428571428571428,0.8125,0.8,0.6111111111111112,0.12173681406499733,0.0,0.8658536585365854,0.8695652173913043,2.1459372202594507,30,40,56,65,84,91,122,130,34,40,59,65,88,91,127,130,76
ACAGGUAAGACCGUGACUCACUAAACCUGAACAGUAUUUUGGGCUUGAAGUCCGCCGUGAAAAUAAGGGGUGAGUCGGAACCUGGUUUAUACGUGGGCUCCCUGCUGCAGUGAAGCAAAGCCGUUAGGGCGAUCAGGUCGAA,0.5140845070422535,4,0.6428571428571428,0.8125,0.8,0.6111111111111112,0.11496746203904555,0.0,0.8536585365853658,0.8695652173913043,2.138894007661109,30,40,56,65,86,93,124,132,34,40,59,65,90,93,129,132,78
ACAGGUAAGACCGUGACUCACUAAACCUGAACAGUAUUUUGGGCUUGAAGUCCGCCGUGAAAAUAAGGGGUGAGUCGGCGAACCUGGUUUAUACGUGGGCUCCCUGCUGCAGUGAAGCAAAGCCGUUAGGGCGAUCAGGUAA,0.5140845070422535,4,0.7857142857142857,0.625,0.8,0.6111111111111112,0.11745689655172414,0.0,0.8536585365853658,0.8695652173913043,2.1289780106317338,30,40,56,65,88,95,126,134,34,40,59,65,92,95,131,134,80
ACAGGUAAGACCGUGACUCACUAAACCUGAACAGUAUUUUGGGCUUGAAGUCCGCCGUGAAAAUAAGGGGUGAGUCGAACCUGGUUUAUACGUGGGCUCCCUGCUGCAGUGAAGCAAAGCCGUUAGGGCGAUCAGGUGCGAA,0.5140845070422535,4,0.6428571428571428,0.75,0.8,0.6111111111111112,0.11517615176151762,0.0,0.8536585365853658,0.8695652173913043,2.123373352522345,30,40,56,65,85,92,123,131,34,40,59,65,89,92,128,131,77
ACAGGUAAGACCGUGACUCACUAAACCUGAACAGUAUUUUGGGCUUGAAGUCCGCCGUGAAAAUAAGGGGUGAGUAACCUGGUUUAUACGUGGGCUCCCUGCUGCAGUGAAGCAAAGCCGUUAGGGCGAUCAGGUCGGCGAA,0.5140845070422535,4,0.6428571428571428,0.75,0.8,0.6111111111111112,0.11286804798255179,0.0,0.8292682926829268,0.8260869565217391,2.084467444853435,30,40,56,65,83,90,121,129,34,40,59,65,87,90,126,129,75
ACAGGUAAGACCGUGACUCACUAACCUGGUUUAUACGUGGGCUCCCUGCUGCAGUGAAGCAAAGCCGUUAGGGCGAUCAGGUAAACCUGAACAGUAUUUUGGGCUUGAAGUCCGCCGUGAAAAUAAGGGGUGAGUCGGCGAA,0.5140845070422535,4,0.5714285714285714,0.8125,1.0,0.3888888888888889,0.12592202318229714,0.0,0.8414634146341463,0.4782608695652174,1.8433870097564098,90,100,116,125,30,37,68,76,94,100,119,125,34,37,73,76,22
ACAGGUAAGACCGUGACUCACUAAACCUGGUUUAUACGUGGGCUCCCUGCUGCAGUGAAGCAAAGCCGUUAGGGCGAUCAGGUAACCUGAACAGUAUUUUGGGCUUGAAGUCCGCCGUGAAAAUAAGGGGUGAGUCGGCGAA,0.5140845070422535,4,0.5714285714285714,0.8125,1.0,0.3888888888888889,0.123342175066313,0.0,0.8414634146341463,0.4782608695652174,1.8420970856984176,90,100,116,125,31,38,69,77,94,100,119,125,35,38,74,77,23
ACAGGUAAGACCGUGACUCACUAAACCUGAAACCUGGUUUAUACGUGGGCUCCCUGCUGCAGUGAAGCAAAGCCGUUAGGGCGAUCAGGUACAGUAUUUUGGGCUUGAAGUCCGCCGUGAAAAUAAGGGGUGAGUCGGCGAA,0.5140845070422535,4,0.7857142857142857,0.75,0.75,0.7222222222222222,0.11807423345884885,0.0,0.7317073170731707,0.43478260869565216,1.834881264922459,90,100,116,125,38,45,76,84,94,100,119,125,42,45,81,84,30
ACAGGUAAGAACCUGGUUUAUACGUGGGCUCCCUGCUGCAGUGAAGCAAAGCCGUUAGGGCGAUCAGGUACCGUGACUCACUAAACCUGAACAGUAUUUUGGGCUUGAAGUCCGCCGUGAAAAUAAGGGGUGAGUCGGCGAA,0.5140845070422535,4,0.8571428571428572,0.8125,0.95,0.7777777777777778,0.11950696677384781,0.0,0.7195121951219512,0.2608695652173913,1.8075709963058417,90,100,116,125,17,24,55,63,94,100,119,125,21,24,60,63,9
ACAGGUAAGACAACCUGGUUUAUACGUGGGCUCCCUGCUGCAGUGAAGCAAAGCCGUUAGGGCGAUCAGGUCGUGACUCACUAAACCUGAACAGUAUUUUGGGCUUGAAGUCCGCCGUGAAAAUAAGGGGUGAGUCGGCGAA,0.5140845070422535,4,0.8571428571428572,0.8125,0.95,0.7777777777777778,0.1193029490616622,0.0,0.7195121951219512,0.2608695652173913,1.807468987449749,90,100,116,125,19,26,57,65,94,100,119,125,23,26,62,65,11
ACAGGUAAAACCUGGUUUAUACGUGGGCUCCCUGCUGCAGUGAAGCAAAGCCGUUAGGGCGAUCAGGUGACCGUGACUCACUAAACCUGAACAGUAUUUUGGGCUUGAAGUCCGCCGUGAAAAUAAGGGGUGAGUCGGCGAA,0.5140845070422535,4,0.8571428571428572,0.8125,0.95,0.7777777777777778,0.1184846856528748,0.0,0.7195121951219512,0.2608695652173913,1.8070598557453554,90,100,116,125,16,23,54,62,94,100,119,125,20,23,59,62,8
ACAGGUAAGAAACCUGGUUUAUACGUGGGCUCCCUGCUGCAGUGAAGCAAAGCCGUUAGGGCGAUCAGGUCCGUGACUCACUAAACCUGAACAGUAUUUUGGGCUUGAAGUCCGCCGUGAAAAUAAGGGGUGAGUCGGCGAA,0.5140845070422535,4,0.8571428571428572,0.8125,0.95,0.7777777777777778,0.11807423345884885,0.0,0.7195121951219512,0.2608695652173913,1.8068546296483425,90,100,116,125,18,25,56,64,94,100,119,125,22,25,61,64,10
ACAGGUAAGACCGUGACUCACUAAACCUGAACAGUAUUUUGGGCUUGAAGUCCGCCGUGAAAAUAAGGAACCUGGUUUAUACGUGGGCUCCCUGCUGCAGUGAAGCAAAGCCGUUAGGGCGAUCAGGUGGUGAGUCGGCGAA,0.5140845070422535,4,0.5714285714285714,0.75,0.95,0.3888888888888889,0.12354188759278897,0.0,0.8048780487804879,0.4782608695652174,1.803096332205558,30,40,56,65,76,83,114,122,34,40,59,65,80,83,119,122,68
ACAGGUAAGACCGUGACUCACUAAACCUGAACAGUAUUUUGGGCUUGAAGUCCGCCGUGAAAAUAAGAACCUGGUUUAUACGUGGGCUCCCUGCUGCAGUGAAGCAAAGCCGUUAGGGCGAUCAGGUGGGUGAGUCGGCGAA,0.5140845070422535,4,0.5714285714285714,0.75,0.95,0.3888888888888889,0.123342175066313,0.0,0.8048780487804879,0.4782608695652174,1.8029964759423203,30,40,56,65,75,82,113,121,34,40,59,65,79,82,118,121,67
ACAGGUAAGACCGUGACUCACAACCUGGUUUAUACGUGGGCUCCCUGCUGCAGUGAAGCAAAGCCGUUAGGGCGAUCAGGUUAAACCUGAACAGUAUUUUGGGCUUGAAGUCCGCCGUGAAAAUAAGGGGUGAGUCGGCGAA,0.5140845070422535,4,0.5714285714285714,0.8125,1.0,0.3888888888888889,0.12768746722600943,0.0,0.8048780487804879,0.43478260869565216,1.8028593394134724,90,100,116,125,29,36,67,75,94,100,119,125,33,36,72,75,21
ACAGGUAAGACCGUGACUCACUAAACCUGAACAGUAUUUUGGGCUUGAAGUCCGCCGUGAAAAUAAAACCUGGUUUAUACGUGGGCUCCCUGCUGCAGUGAAGCAAAGCCGUUAGGGCGAUCAGGUGGGGUGAGUCGGCGAA,0.5140845070422535,4,0.5714285714285714,0.75,0.95,0.3888888888888889,0.12513199577613515,0.0,0.7804878048780488,0.4782608695652174,1.7965743131264995,30,40,56,65,74,81,112,120,34,40,59,65,78,81,117,120,66
ACAGGUAAGACCGUGACUCACUAAACCUGAACAGUAUUUUGGGCUUGAAGUCCGCCGUGAAAAUAAACCUGGUUUAUACGUGGGCUCCCUGCUGCAGUGAAGCAAAGCCGUUAGGGCGAUCAGGUAGGGGUGAGUCGGCGAA,0.5140845070422535,4,0.5714285714285714,0.75,0.95,0.3888888888888889,0.12113127001067234,0.0,0.7804878048780488,0.4782608695652174,1.794573950243768,30,40,56,65,73,80,111,119,34,40,59,65,77,80,116,119,65
ACAGGUAAGACCGUGACUCACUAAAACCUGGUUUAUACGUGGGCUCCCUGCUGCAGUGAAGCAAAGCCGUUAGGGCGAUCAGGUACCUGAACAGUAUUUUGGGCUUGAAGUCCGCCGUGAAAAUAAGGGGUGAGUCGGCGAA,0.5140845070422535,4,0.5714285714285714,0.8125,0.8,0.3888888888888889,0.12032085561497327,0.0,0.8048780487804879,0.4782608695652174,1.7796108162166504,90,100,116,125,32,39,70,78,94,100,119,125,36,39,75,78,24
ACAGGUAAGACCGUGACUCACUAAACCUGAACAGUAUUUUGGGCUUGAAGUCCGCCGUGAAAAUAAGGGAACCUGGUUUAUACGUGGGCUCCCUGCUGCAGUGAAGCAAAGCCGUUAGGGCGAUCAGGUGUGAGUCGGCGAA,0.5140845070422535,4,0.5714285714285714,0.75,0.95,0.3888888888888889,0.12354188759278897,0.0,0.7926829268292683,0.43478260869565216,1.7690030130114964,30,40,56,65,77,84,115,123,34,40,59,65,81,84,120,123,69
ACAGGUAAGACCGAACCUGGUUUAUACGUGGGCUCCCUGCUGCAGUGAAGCAAAGCCGUUAGGGCGAUCAGGUUGACUCACUAAACCUGAACAGUAUUUUGGGCUUGAAGUCCGCCGUGAAAAUAAGGGGUGAGUCGGCGAA,0.5140845070422535,4,0.7857142857142857,0.8125,0.95,0.7777777777777778,0.1193029490616622,0.0,0.6463414634146342,0.2608695652173913,1.767660625080411,90,100,116,125,21,28,59,67,94,100,119,125,25,28,64,67,13
ACAGGUAAGACCGUGACUAACCUGGUUUAUACGUGGGCUCCCUGCUGCAGUGAAGCAAAGCCGUUAGGGCGAUCAGGUCACUAAACCUGAACAGUAUUUUGGGCUUGAAGUCCGCCGUGAAAAUAAGGGGUGAGUCGGCGAA,0.5140845070422535,4,0.7857142857142857,0.8125,0.95,0.7777777777777778,0.11745689655172414,0.0,0.6463414634146342,0.2608695652173913,1.7667375988254421,90,100,116,125,26,33,64,72,94,100,119,125,30,33,69,72,18
ACAGGUAAGACCGUGACAACCUGGUUUAUACGUGGGCUCCCUGCUGCAGUGAAGCAAAGCCGUUAGGGCGAUCAGGUUCACUAAACCUGAACAGUAUUUUGGGCUUGAAGUCCGCCGUGAAAAUAAGGGGUGAGUCGGCGAA,0.5140845070422535,4,0.7857142857142857,0.8125,0.95,0.7777777777777778,0.11559285327558205,0.0,0.6463414634146342,0.2608695652173913,1.765805577187371,90,100,116,125,25,32,63,71,94,100,119,125,29,32,68,71,17
ACAGGUAAGACCGUAACCUGGUUUAUACGUGGGCUCCCUGCUGCAGUGAAGCAAAGCCGUUAGGGCGAUCAGGUGACUCACUAAACCUGAACAGUAUUUUGGGCUUGAAGUCCGCCGUGAAAAUAAGGGGUGAGUCGGCGAA,0.5140845070422535,4,0.7857142857142857,0.8125,0.95,0.7777777777777778,0.11538461538461538,0.0,0.6463414634146342,0.2608695652173913,1.7657014582418877,90,100,116,125,22,29,60,68,94,100,119,125,26,29,65,68,14
ACAGGUAAGACCGUGAAACCUGGUUUAUACGUGGGCUCCCUGCUGCAGUGAAGCAAAGCCGUUAGGGCGAUCAGGUCUCACUAAACCUGAACAGUAUUUUGGGCUUGAAGUCCGCCGUGAAAAUAAGGGGUGAGUCGGCGAA,0.5140845070422535,4,0.7857142857142857,0.8125,0.95,0.7777777777777778,0.11434003259098316,0.0,0.6463414634146342,0.2608695652173913,1.7651791668450716,90,100,116,125,24,31,62,70,94,100,119,125,28,31,67,70,16
ACAGGUAAGACCGUGAACCUGGUUUAUACGUGGGCUCCCUGCUGCAGUGAAGCAAAGCCGUUAGGGCGAUCAGGUACUCACUAAACCUGAACAGUAUUUUGGGCUUGAAGUCCGCCGUGAAAAUAAGGGGUGAGUCGGCGAA,0.5140845070422535,4,0.7857142857142857,0.8125,0.95,0.7777777777777778,0.11328976034858387,0.0,0.6463414634146342,0.2608695652173913,1.7646540307238718,90,100,116,125,23,30,61,69,94,100,119,125,27,30,66,69,15
ACAGGUAAGACCGUGACUCACUAAACCUGAACCUGGUUUAUACGUGGGCUCCCUGCUGCAGUGAAGCAAAGCCGUUAGGGCGAUCAGGUAACAGUAUUUUGGGCUUGAAGUCCGCCGUGAAAAUAAGGGGUGAGUCGGCGAA,0.5140845070422535,4,0.5714285714285714,0.8125,0.75,0.3888888888888889,0.11663066954643629,0.0,0.7682926829268293,0.4782608695652174,1.754290113426284,90,100,116,125,37,44,75,83,94,100,119,125,41,44,80,83,29
ACAGGUAAGACCGUGACUCACUAAACCUAACCUGGUUUAUACGUGGGCUCCCUGCUGCAGUGAAGCAAAGCCGUUAGGGCGAUCAGGUGAACAGUAUUUUGGGCUUGAAGUCCGCCGUGAAAAUAAGGGGUGAGUCGGCGAA,0.5140845070422535,4,0.5714285714285714,0.8125,0.7,0.3888888888888889,0.11454940282301845,0.0,0.7682926829268293,0.4782608695652174,1.7407494800645753,90,100,116,125,36,43,74,82,94,100,119,125,40,43,79,82,28
ACAGGUAAGACCGUGACUCACUAAACCUGAACAGUAUUUUGGGCUUGAAGUCCGCCGUGAAAAUAAGGGGAACCUGGUUUAUACGUGGGCUCCCUGCUGCAGUGAAGCAAAGCCGUUAGGGCGAUCAGGUUGAGUCGGCGAA,0.5140845070422535,4,0.5714285714285714,0.75,0.95,0.3888888888888889,0.12193823216187431,0.0,0.7682926829268293,0.391304347826087,1.730449329516612,30,40,56,65,78,85,116,124,34,40,59,65,82,85,121,124,70
ACAGGUAAGACCGUGACUCAACCUGGUUUAUACGUGGGCUCCCUGCUGCAGUGAAGCAAAGCCGUUAGGGCGAUCAGGUACUAAACCUGAACAGUAUUUUGGGCUUGAAGUCCGCCGUGAAAAUAAGGGGUGAGUCGGCGAA,0.5140845070422535,4,0.5714285714285714,0.8125,1.0,0.3888888888888889,0.12314225053078556,0.0,0.7682926829268293,0.34782608695652173,1.7287415560923716,90,100,116,125,27,34,65,73,94,100,119,125,31,34,70,73,19
ACAGGUAAGACCGUGACUCACUAAACAACCUGGUUUAUACGUGGGCUCCCUGCUGCAGUGAAGCAAAGCCGUUAGGGCGAUCAGGUCUGAACAGUAUUUUGGGCUUGAAGUCCGCCGUGAAAAUAAGGGGUGAGUCGGCGAA,0.5140845070422535,4,0.5714285714285714,0.8125,0.6,0.3888888888888889,0.1257248286768582,0.0,0.7926829268292683,0.4782608695652174,1.7286542661622268,90,100,116,125,34,41,72,80,94,100,119,125,38,41,77,80,26
ACAGGUAAGACCGUGACUCAAACCUGGUUUAUACGUGGGCUCCCUGCUGCAGUGAAGCAAAGCCGUUAGGGCGAUCAGGUCUAAACCUGAACAGUAUUUUGGGCUUGAAGUCCGCCGUGAAAAUAAGGGGUGAGUCGGCGAA,0.5140845070422535,4,0.5714285714285714,0.8125,0.75,0.3888888888888889,0.12749213011542498,0.0,0.7439024390243902,0.391304347826087,1.6915342053226554,90,100,116,125,28,35,66,74,94,100,119,125,32,35,71,74,20
ACAGGUAAGACCGUGACUCACUAAACCUGAACAGUAUUUUGGGCUUGAAGUCCGCCGUGAAAAUAAGGGGUAACCUGGUUUAUACGUGGGCUCCCUGCUGCAGUGAAGCAAAGCCGUUAGGGCGAUCAGGUGAGUCGGCGAA,0.5140845070422535,4,0.5714285714285714,0.8125,0.8,0.3888888888888889,0.11766289714593431,0.0,0.7804878048780488,0.34782608695652173,1.679660415985312,30,40,56,65,79,86,117,125,34,40,59,65,83,86,122,125,71
ACAGGUAAGACCGUGACUCACUAAACCUGAACAGUAUUUUGGGCUUGAAGUCCGCCGUGAAAAUAAGGGGUGAACCUGGUUUAUACGUGGGCUCCCUGCUGCAGUGAAGCAAAGCCGUUAGGGCGAUCAGGUAGUCGGCGAA,0.5140845070422535,4,0.5714285714285714,0.75,0.95,0.3888888888888889,0.11138478379857691,0.0,0.7195121951219512,0.30434782608695654,1.6496688937761084,30,40,56,65,80,87,118,126,34,40,59,65,84,87,123,126,72
ACAGGUAAGACCAACCUGGUUUAUACGUGGGCUCCCUGCUGCAGUGAAGCAAAGCCGUUAGGGCGAUCAGGUGUGACUCACUAAACCUGAACAGUAUUUUGGGCUUGAAGUCCGCCGUGAAAAUAAGGGGUGAGUCGGCGAA,0.5140845070422535,4,0.7857142857142857,0.8125,0.8,0.6111111111111112,0.1184846856528748,0.0,0.6341463414634146,0.0,1.5018175944718108,90,100,116,125,20,27,58,66,94,100,119,125,24,27,63,66,12
ACAGGUAAGACCGUGACUCACUAAACCUGAACAGUAUUUUGGGCUUGAAGUCCGCCGUGAAAAUAAGGGGUGAGAACCUGGUUUAUACGUGGGCUCCCUGCUGCAGUGAAGCAAAGCCGUUAGGGCGAUCAGGUUCGGCGAA,0.5140845070422535,4,0.5714285714285714,0.75,0.95,0.3888888888888889,0.11159737417943107,0.0,0.5487804878048781,0.0,1.3855121985105439,30,40,56,65,82,89,120,128,34,40,59,65,86,89,125,128,74
ACAGGUAAGACCGUGACUCACUAAACCUGAACAGUAUUUUGGGCUUGAAGUCCGCCGUGAAAAUAAGGGGUGAAACCUGGUUUAUACGUGGGCUCCCUGCUGCAGUGAAGCAAAGCCGUUAGGGCGAUCAGGUGUCGGCGAA,0.5140845070422535,4,0.5714285714285714,0.75,0.95,0.3888888888888889,0.106430155210643,0.0,0.5487804878048781,0.0,1.3829285890261498,30,40,56,65,81,88,119,127,34,40,59,65,85,88,124,127,73
ACAGGUAAGACCGUGACUCACUAAAAACCUGGUUUAUACGUGGGCUCCCUGCUGCAGUGAAGCAAAGCCGUUAGGGCGAUCAGGUCCUGAACAGUAUUUUGGGCUUGAAGUCCGCCGUGAAAAUAAGGGGUGAGUCGGCGAA,0.5140845070422535,5,0.5714285714285714,0.8125,0.8,0.3888888888888889,0.12651236191478168,0.5,0.7926829268292683,0.4782608695652174,1.2790480327811886,90,100,116,125,33,40,71,79,94,100,119,125,37,40,76,79,25
